name.firstName,name.lastName,age,address.line1,address.line2,address.city,address.state,gender,occupation,hobbies.list.item1,hobbies.list.item2,meta.createdBy
Rohit,Prasad,25,A-563 Rakshak Society,Block 10,Mumbai,Maharashtra,Male,Engineer,Chess,Reading,system
Ananya,Sharma,19,12 Park View,Near Central Mall,Pune,Maharashtra,Female,Student,Painting,Dancing,admin
Harshit,Verma,42,23 Sector C,,Delhi,Delhi,Male,Project Manager,Photography,Cycling,user
Priya,Desai,34,78 Green Villas,Ground Floor,Surat,Gujarat,Female,Designer,Fashion,Travelling,user
Aniket,Kulkarni,61,Plot 45 Ram Nagar,,Nashik,Maharashtra,Male,Retired,Gardening,Walking,admin
Sara,Khan,29,,,,,Female,Data Analyst,Cooking,Yoga,system
Aarav,Mehta,17,House 9 Garden Area,Block A,Rajkot,Gujarat,Male,Student,Cricket,Gaming,parent
Meera,Iyer,55,5 Lake View Road,,Chennai,Tamil Nadu,Female,Teacher,Yoga,Classical Music,admin
Vikas,Patil,72,No 14 Colony Road,,Nagpur,Maharashtra,Male,Retired,Reading,Meditation,system
Riya,Joshi,39,Central Apts Tower B,3rd Floor,Indore,Madhya Pradesh,Female,HR Manager,Singing,Drawing,user
